title,abstract
Deep Learning for Image Classification,We present a convolutional neural network architecture trained on ImageNet for object recognition and scene understanding.
Sahara Desert Climate Variability,Long-term temperature and precipitation patterns across the Sahara region over the past century show significant aridification trends.
Graphene Oxide Synthesis for Water Filtration,A novel chemical process for producing graphene oxide membranes used in water purification systems with high flux rates.
Impact of the 2008 Financial Crisis on European Manufacturing,Analysis of industrial output decline across Germany France and Italy following the global financial crisis of 2008.
CRISPR-Cas9 Gene Editing in Mus musculus,Application of CRISPR-Cas9 to modify the BRCA1 gene in mouse models to study hereditary breast cancer susceptibility.
Recycling of Glass Waste,Municipal methods for melting and reforming glass from urban waste streams into new containers.
Optical Properties of Glass in Telescope Design,Study of glass as an optical medium in refracting telescope objectives and aberration correction.
The Glass Transition in Polymer Physics,Analysis of the glass transition temperature and its effect on polymer chain dynamics near the melting point.
Protein Folding Prediction with AlphaFold,Deep neural network approach to predicting three-dimensional protein structures from amino acid sequences.
Trade Routes of the Silk Road 200 BCE to 1400 CE,Historical analysis of commercial networks connecting China Persia and the Mediterranean across fifteen centuries.
Titanium Alloy Fatigue Resistance under Cyclic Loading,Experimental study of crack propagation in Ti-6Al-4V under repeated mechanical stress at elevated temperatures.
GDPR Compliance for Cross-Border Data Transfers,Legal analysis of European Union data protection requirements for transferring personal data to third countries.
Quantum Entanglement in Superconducting Qubits,Experimental demonstration of long-range entanglement between Josephson junction qubits at millikelvin temperatures.
Urban Heat Island Effects in Megacities,Comparative study of temperature variation between city centers and surrounding rural areas in Tokyo and Mexico City.
Antibiotic Resistance in Gram-Negative Bacteria,Mechanisms of beta-lactamase production and efflux pump overexpression in Escherichia coli and Klebsiella pneumoniae.
Renaissance Perspective in Florentine Painting,Art historical analysis of linear perspective techniques developed in fifteenth century Florence by Brunelleschi and Alberti.
Lithium-Ion Battery Degradation Mechanisms,Electrochemical analysis of solid electrolyte interphase growth and capacity fade in graphite anodes over charge cycles.
The Silk Road During the Tang Dynasty,Historical study of merchant networks and cultural exchange between Chang'an and Central Asia from 618 to 907 CE.
Photosynthesis in C4 Plants,Biochemical pathways of carbon fixation in maize and sugarcane under high temperature and drought conditions.
Natural Language Processing for Low-Resource Languages,Transfer learning approaches for part-of-speech tagging and named entity recognition in Swahili and Urdu.
Volcanic Eruption Prediction Using Seismic Data,Machine learning methods for forecasting eruptions from earthquake swarms at Mount Etna and Kilauea.
Monetary Policy and Inflation Targeting,Macroeconomic analysis of central bank interest rate decisions in Brazil and Turkey from 2000 to 2020.
Microplastics in Arctic Sea Ice,Quantification of polyethylene and polypropylene particle concentrations in ice cores from the Beaufort Sea.
Shakespearean Sonnets and Elizabethan Court Culture,Literary analysis of patronage relationships and political allegory in the sonnet sequences of the 1590s.
Alzheimer's Disease Biomarkers in Cerebrospinal Fluid,Longitudinal study of amyloid beta and tau protein concentrations in patients from the Framingham cohort.
Autonomous Vehicle Path Planning in Dense Traffic,Reinforcement learning algorithms for real-time navigation of self-driving cars in urban environments.
Desertification in the Sahel Region,Remote sensing analysis of vegetation loss and soil degradation across sub-Saharan Africa from 1980 to 2020.
Fermentation of Kimchi by Lactic Acid Bacteria,Microbiological study of Leuconostoc mesenteroides growth and acid production during traditional Korean vegetable preservation.
Ancient Roman Concrete Durability,Mineralogical analysis of volcanic ash and lime mortars in Roman marine structures surviving two millennia.
Zero-Shot Learning for Rare Bird Species Classification,Transfer learning from common to rare avian taxa using taxonomic embeddings and few-shot image recognition.